Workbook

Sheet Legend
A1: Mask step
A3: Step from TI YMTC 232 L 3D NAND reverse-engineered flow
A5: Steps otherwise from TI SK hynix 176 L 3D NAND reverse-engineered flow
A7: Scaled by stack height

Sheet Materials (baseline)
Q1: # string stacking module: | R1: 0 | S1: 0 | T1: 0 | U1: 0 | V1: 1 | W1: 1 | X1: 1 | Y1: 2 | Z1: 4 | AA1: 5 | AB1: 6 | AC1: 7 | AD1: 8
A2: Module | B2: Seq# | C2: PFF# | D2: Process Description | E2: Recipe Description | F2: THK/Depth/CD | G2: Material | H2: Method | J2: Thickness/CD (nm) | K2: Material | L2: Geometry | M2: Volume (nm^3) | N2: Mass (g) | O2: gCO2e | Q2: # fabricated layers: | R2: 36 | S2: 60 | T2: 80 | U2: 108 | V2: 148 | W2: 196 | X2: 256 | Y2: 356 | Z2: 532 | AA2: 660 | AB2: 788 | AC2: 916 | AD2: 1044
A3: (1) WAFER PREP | G3: Si | K3: Wafer (Si) | N3: 0.0706 | O3: ='Reference Values'!D28 -> 26000
A4: (2) CuA PERIPHERY + ROUTING | B4: 6 | C4: 60 | D4: Nitride Deposition | E4: SiN, LPCVD | F4: 30 nm | G4: SiN | H4: LPCVD | J4: 242 | K4: SiN | L4: Wafer | M4: =J4*'Reference Values'!$C$2 -> 1.7106e+19 | N4: =M4*'Reference Values'!$C$19 -> 0.054225931 | O4: =N4*'Reference Values'!$D$19 -> 3.5014798
A5: (2) CuA PERIPHERY + ROUTING | B5: 7 | C5: 70 | D5: High Voltage Gate Oxide - Photo | E5: PR/ARC, KRF | F5: TPR=0.5 um | G5: PR/ARC | H5: KRF | J5: 31 | K5: SiON | L5: Wafer | M5: =J5*'Reference Values'!$C$2 -> 2.19126e+18 | N5: =M5*'Reference Values'!$C$21 -> 0.0061574431 | O5: =N5*'Reference Values'!$D$21 -> 0.23318584
A6: (2) CuA PERIPHERY + ROUTING | B6: 16 | C6: 160 | D6: Decoupled Plasma Nitridation | E6: SiON, PLASMA | F6: Top 1 nm | G6: SiON | H6: PLASMA | J6: 18600 | K6: PR/ARC | L6: Wafer | M6: =J6*'Reference Values'!$C$2 -> 1.31476e+21 | N6: =M6*'Reference Values'!$C$17 -> 1.2700548 | O6: =N6*'Reference Values'!$D$17 -> 5.3342302
A7: (2) CuA PERIPHERY + ROUTING | B7: 18 | C7: 180 | D7: Nitride Deposition | E7: SiN, LPCVD | F7: 50 nm | G7: SiN | H7: LPCVD | J7: 3434 | K7: SiO | L7: Wafer | M7: =J7*'Reference Values'!$C$2 -> 2.42735e+20 | N7: =M7*'Reference Values'!$C$20 -> 0.51702588 | O7: =N7*'Reference Values'!$D$20 -> 1.0580748
A8: (2) CuA PERIPHERY + ROUTING | B8: 19 | C8: 190 | D8: Deep N-Well IIP - Photo | E8: PR/ARC, I-LINE | F8: TPR=3.0 um | G8: PR/ARC | H8: I-LINE | J8: 500 | K8: ACL | L8: Wafer | M8: =J8*'Reference Values'!$C$2 -> 3.53429e+19 | N8: =M8*'Reference Values'!$C$8 -> 0.070685835 | O8: =N8*'Reference Values'!$D$8 -> 18
A9: (2) CuA PERIPHERY + ROUTING | B9: 24 | C9: 240 | D9: High Voltage N-Well IIP - Photo | E9: PR/ARC, I-LINE | F9: TPR=1.0 um | G9: PR/ARC | H9: I-LINE | J9: 23 | K9: Ti | L9: Wafer | M9: =J9*'Reference Values'!$C$2 -> 1.62577e+18 | N9: =M9*'Reference Values'!$C$24 -> 0.0073159839 | O9: =N9*'Reference Values'!$D$24 -> 0.34848485
A10: (2) CuA PERIPHERY + ROUTING | B10: 30 | C10: 300 | D10: High Voltage P-Well IIP - Photo | E10: PR/ARC, I-LINE | F10: TPR=1.0 um | G10: PR/ARC | H10: I-LINE | J10: 6 | K10: WN | L10: Wafer | M10: =J10*'Reference Values'!$C$2 -> 4.24115e+17 | N10: =M10*'Reference Values'!$C$29 -> 0.0075492471 | O10: =N10*'Reference Values'!$D$29 -> 0.58
A11: (2) CuA PERIPHERY + ROUTING | B11: 36 | C11: 360 | D11: Depletion NMOS IIP - Photo | E11: PR/ARC, I-LINE | F11: TPR=1.0 um | G11: PR/ARC | H11: I-LINE | J11: 3 | K11: WSiN | L11: Wafer | M11: =J11*'Reference Values'!$C$2 -> 2.12058e+17 | N11: =M11*'Reference Values'!$C$30 -> 0.0034141258 | O11: =N11*'Reference Values'!$D$30 -> 0.25
A12: (2) CuA PERIPHERY + ROUTING | B12: 40 | C12: 400 | D12: P-Well IIP - Photo | E12: PR/ARC, I-LINE | F12: TPR=1.0 um | G12: PR/ARC | H12: I-LINE | J12: 867 | K12: W | L12: Wafer | M12: =J12*'Reference Values'!$C$2 -> 6.12846e+19 | N12: =M12*'Reference Values'!$C$27 -> 1.1827931 | O12: =N12*'Reference Values'!$D$27 -> 89.673381
A13: (2) CuA PERIPHERY + ROUTING | B13: 46 | C13: 460 | D13: N-Well IIP - Photo | E13: PR/ARC, I-LINE | F13: TPR=1.0 um | G13: PR/ARC | H13: I-LINE | J13: 30 | K13: TIN | L13: Wafer | M13: =J13*'Reference Values'!$C$2 -> 2.12058e+18 | N13: =M13*'Reference Values'!$C$26 -> 0.011048196 | O13: =N13*'Reference Values'!$D$26 -> 0.48587571
A14: (2) CuA PERIPHERY + ROUTING | B14: 52 | C14: 520 | D14: Low Voltage NMOS VT2 Adjust IIP - Photo | E14: PR/ARC, I-LINE | F14: TPR=0.5 um | G14: PR/ARC | H14: I-LINE
A15: (2) CuA PERIPHERY + ROUTING | B15: 56 | C15: 560 | D15: Low Volatge PMOS VT2 Adjust IIP - Photo | E15: PR/ARC, I-LINE | F15: TPR=0.5 um | G15: PR/ARC | H15: I-LINE
A16: (2) CuA PERIPHERY + ROUTING | B16: 60 | C16: 600 | D16: Active - Photo | E16: PR/ARC, ARF | F16: TPR=1.0 um | G16: PR/ARC | H16: ARF
A17: (2) CuA PERIPHERY + ROUTING | B17: 66 | C17: 660 | D17: Offset Junction IIP - Photo | E17: PR/ARC, I-LINE | F17: TPR=0.5 um | G17: PR/ARC | H17: I-LINE
A18: (2) CuA PERIPHERY + ROUTING | B18: 71 | C18: 710 | D18: Field IIP - Photo | E18: PR/ARC, I-LINE | F18: TPR=1.0 um | G18: PR/ARC | H18: I-LINE
A19: (2) CuA PERIPHERY + ROUTING | B19: 77 | C19: 770 | D19: STI Oxide | E19: SiO, HDP | F19: 900 nm | G19: SiO | H19: HDP
A20: (2) CuA PERIPHERY + ROUTING | B20: 88 | C20: 880 | D20: Nitride HM Deposition | E20: SiN, LPCVD | F20: 3 nm | G20: SiN | H20: LPCVD
A21: (2) CuA PERIPHERY + ROUTING | B21: 89 | C21: 890 | D21: Oxide HM Deposition | E21: SiO, PECVD | F21: 85 nm | G21: SiO | H21: PECVD
A22: (2) CuA PERIPHERY + ROUTING | B22: 90 | C22: 900 | D22: Poly Resistor - Photo | E22: PR/ARC, KRF | F22: TPR=0.5 um | G22: PR/ARC | H22: KRF
A23: (2) CuA PERIPHERY + ROUTING | B23: 96 | C23: 960 | D23: Peripheral Gate - Photo | E23: PR/ARC, ARF | F23: TPR=0.5 um | G23: PR/ARC | H23: ARF
A24: (2) CuA PERIPHERY + ROUTING | B24: 103 | C24: 1040 | D24: NMOS LDD IIP - Photo | E24: PR/ARC, KRF | F24: TPR=0.5 um | G24: PR/ARC | H24: KRF
A25: (2) CuA PERIPHERY + ROUTING | B25: 108 | C25: 1090 | D25: PMOS LDD IIP - Photo | E25: PR/ARC, KRF | F25: TPR=0.5 um | G25: PR/ARC | H25: KRF
... A57: (2) CuA PERIPHERY + ROUTING | B57: 185 | C57: 1860 | D57: W Deposition | E57: W, CVD | F57: 350 nm | G57: W | H57: CVD
A58: 3) DWB CMOS WAFER | B58: 133 | C58: 1330 | D58: TiN Liner Deposition | E58: TiN, CVD | F58: 7 nm | G58: TiN | H58: CVD | J58: =21+40+3 -> 64 | K58: TiN | L58: Wafer | M58: =J58*'Reference Values'!$C$2 -> 4.52389e+18 | N58: =M58*'Reference Values'!$C$26 -> 0.023569485 | O58: =N58*'Reference Values'!$D$26 -> 1.0365348
A59: 3) DWB CMOS WAFER | B59: 134 | C59: 1340 | D59: W Deposition | E59: W, CVD | F59: 100 nm | G59: W | H59: CVD | J59: =100+300+400 -> 800 | K59: W | L59: Wafer | M59: =J59*'Reference Values'!$C$2 -> 5.65487e+19 | N59: =M59*'Reference Values'!$C$27 -> 1.0913893 | O59: =N59*'Reference Values'!$D$27 -> 82.743604
A60: 3) DWB CMOS WAFER | B60: 142 | C60: 1420 | D60: TiN Liner Deposition | E60: TiN, CVD | F60: 3 nm | G60: TiN | H60: CVD | K60: Ta | L60: Wafer | M60: =J60*'Reference Values'!$C$2 -> 0
A61: 3) DWB CMOS WAFER | B61: 143 | C61: 1430 | D61: W Deposition | E61: W, CVD | F61: 150 nm | G61: W | H61: CVD | J61: =15*3+10 -> 55 | K61: TaN | L61: Wafer | M61: =J61*'Reference Values'!$C$2 -> 3.88772e+18 | N61: =M61*'Reference Values'!$C$22 -> 0.053261776 | O61: =N61*'Reference Values'!$D$22 -> 1.375
A62: 3) DWB CMOS WAFER | B62: 155 | C62: 1550 | D62: TiN Liner Deposition | E62: TiN, CVD | F62: 7 nm | G62: TiN | H62: CVD | J62: =500+900+500+150 -> 2050 | K62: Cu | L62: Wafer | M62: =J62*'Reference Values'!$C$2 -> 1.44906e+20 | N62: =M62*'Reference Values'!$C$13 -> 1.2983574 | O62: =N62*'Reference Values'!$D$13 -> 7.9071429
A63: 3) DWB CMOS WAFER | B63: 156 | C63: 1560 | D63: W Deposition | E63: W, CVD | F63: 150 nm | G63: W | H63: CVD | J63: 1444 | K63: SiN | L63: Wafer | M63: =J63*'Reference Values'!$C$2 -> 1.0207e+20 | N63: =M63*'Reference Values'!$C$19 -> 0.32356299 | O63: =N63*'Reference Values'!$D$19 -> 20.893127
A64: 3) DWB CMOS WAFER | B64: 164 | C64: 1640 | D64: TiN Liner Deposition | E64: TiN, CVD | F64: 7 nm | G64: TiN | H64: CVD | J64: 21500 | K64: PR/ARC | L64: Wafer | M64: =J64*'Reference Values'!$C$2 -> 1.51975e+21 | N64: =M64*'Reference Values'!$C$17 -> 1.4680741 | O64: =N64*'Reference Values'!$D$17 -> 6.1659112
A65: 3) DWB CMOS WAFER | B65: 165 | C65: 1650 | D65: W Deposition | E65: W, CVD | F65: 100 nm | G65: W | H65: CVD | J65: 3809 | K65: SiO | L65: Wafer | M65: =J65*'Reference Values'!$C$2 -> 2.69242e+20 | N65: =M65*'Reference Values'!$C$20 -> 0.57348619 | O65: =N65*'Reference Values'!$D$20 -> 1.1736188
A66: 3) DWB CMOS WAFER | B66: 173 | C66: 1730 | D66: Barrier & Seed Deposition | E66: Ta, TaN, Cu, PVD, ALD, PVD | F66: Bottom TaN: 15nm, S/W TaN: 15 nm | G66: Ta, TaN, Cu | H66: PVD, ALD, PVD | J66: =15+15+15+10 -> 55 | K66: SiON | L66: Wafer | M66: =J66*'Reference Values'!$C$2 -> 3.88772e+18 | N66: =M66*'Reference Values'!$C$21 -> 0.010924496 | O66: =N66*'Reference Values'!$D$21 -> 0.41371681
A67: 3) DWB CMOS WAFER | B67: 174 | C67: 1740 | D67: Cu Plate | E67: Cu, PLATE | F67: 150 nm | G67: Cu | H67: PLATE | J67: 130 | K67: Poly-Si | L67: Wafer | M67: =J67*'Reference Values'!$C$2 -> 9.18916e+18 | N67: =M67*'Reference Values'!$C$16 -> 0.021410739 | O67: =N67*'Reference Values'!$D$16 -> 0.088446727
A68: 3) DWB CMOS WAFER | B68: 190 | C68: 1900 | D68: Barrier & Seed Deposition | E68: Ta, TaN, Cu, PVD, ALD, PVD | F68: Bottom TaN: 15nm, S/W TaN: 15 nm | G68: Ta, TaN, Cu | H68: PVD, ALD, PVD | J68: 123 | K68: SiCN | L68: Wafer | M68: =J68*'Reference Values'!$C$2 -> 8.69436e+18 | N68: =M68*'Reference Values'!$C$18 -> 0.028952211 | O68: =N68*'Reference Values'!$D$18 -> 1.968
A69: 3) DWB CMOS WAFER | B69: 191 | C69: 1910 | D69: Cu Plate | E69: Cu, PLATE | F69: 500 nm | G69: Cu | H69: PLATE | J69: =26 -> 26 | K69: NiPt | L69: Wafer | M69: =J69*'Reference Values'!$C$2 -> 1.83783e+18 | N69: =M69*'Reference Values'!$C$15 -> 0.03418367 | O69: =N69*'Reference Values'!$D$15 -> 651.31313
A70: 3) DWB CMOS WAFER | B70: 207 | C70: 2070 | D70: Barrier & Seed Deposition | E70: Ta, TaN, Cu, PVD, ALD, PVD | F70: Bottom TaN: 15nm, S/W TaN: 15 nm | G70: Ta, TaN, Cu | H70: PVD, ALD, PVD
A71: 3) DWB CMOS WAFER | B71: 208 | C71: 2080 | D71: Cu Plate | E71: Cu, PLATE | F71: 900 nm | G71: Cu | H71: PLATE
A72: 3) DWB CMOS WAFER | B72: 231 | C72: 2310 | D72: Barrier & Seed Deposition | E72: Ta, TaN, Cu, PVD, ALD, PVD | F72: Bottom TaN: 10 nm, S/W TaN: 10 nm | G72: Ta, TaN, Cu | H72: PVD, ALD, PVD
A73: 3) DWB CMOS WAFER | B73: 232 | C73: 2320 | D73: Cu Plate | E73: Cu, PLATE | F73: 500 nm | G73: Cu | H73: PLATE
A74: 3) DWB CMOS WAFER | B74: 6 | C74: 60 | D74: Nitride Deposition | E74: SiN, LPCVD | F74: 30 nm | G74: SiN | H74: LPCVD
A75: 3) DWB CMOS WAFER | B75: 7 | C75: 70 | D75: Active - Photo | E75: PR/ARC, KRF | F75: TPR = 1 µm | G75: PR/ARC | H75: KRF
A76: 3) DWB CMOS WAFER | B76: 14 | C76: 140 | D76: Field IIP - Photo | E76: PR/ARC, KRF | F76: TPR = 1 µm | G76: PR/ARC | H76: KRF
A77: 3) DWB CMOS WAFER | B77: 19 | C77: 190 | D77: STI Oxide 1 | E77: SiO, PECVD | F77: 200 nm | G77: SiO | H77: PECVD
A78: 3) DWB CMOS WAFER | B78: 20 | C78: 200 | D78: STI Oxide 2 | E78: SiO, PECVD | F78: 700 nm | G78: SiO | H78: PECVD
A79: 3) DWB CMOS WAFER | B79: 24 | C79: 240 | D79: Deep N-Well IIP - Photo | E79: PR/ARC, I-LINE | F79: TPR = 3 µm | G79: PR/ARC | H79: I-LINE
A80: 3) DWB CMOS WAFER | B80: 29 | C80: 290 | D80: High Voltage N-Well IIP - Photo | E80: PR/ARC, I-LINE | F80: TPR = 1 µm | G80: PR/ARC | H80: I-LINE
A81: 3) DWB CMOS WAFER | B81: 35 | C81: 350 | D81: High Voltage P-Well IIP - Photo | E81: PR/ARC, I-LINE | F81: TPR = 1 µm | G81: PR/ARC | H81: I-LINE
... A131: 3) DWB CMOS WAFER | B131: 223 | C131: 2230 | D131: Metal 6 - Photo | E131: PR/ARC, KRF | F131: TPR = 0.5 µm | G131: PR/ARC | H131: KRF
A132: (4) DWB BONDING | B132: 236 | C132: 2360 | D132: SiCN Oxidation | E132: O2, THERMAL | G132: O2 | H132: THERMAL | J132: 0 | K132: SiCN | M132: =J132*'Reference Values'!$C$2 -> 0 | N132: =M132*'Reference Values'!$C$18 -> 0 | O132: =N132*'Reference Values'!$D$18 -> 0
A133: (4) DWB BONDING | B133: 237 | C133: 2370 | D133: SiCN Plasma Treatment | E133: SiCN, PLASMA | G133: SiCN | H133: PLASMA | J133: =3000 -> 3000 | K133: PR/ARC | M133: =J133*'Reference Values'!$C$2 -> 2.12058e+20 | N133: =M133*'Reference Values'!$C$17 -> 0.20484755 | O133: =N133*'Reference Values'!$D$17 -> 0.86035971
A134: (4) DWB BONDING | B134: 549 | C134: 5490 | D134: Back Side Source Connect - Photo | E134: PR/ARC, KRF | F134: TPR = 1 µm | G134: PR/ARC | H134: KRF | J134: 30 | K134: a-Si | L134: Wafer | M134: =J134*'Reference Values'!$C$2 -> 2.12058e+18 | N134: =M134*'Reference Values'!$C$7 -> 0.0048561168 | O134: =N134*'Reference Values'!$D$7 -> 1.5
A135: (4) DWB BONDING | B135: 554 | C135: 5540 | D135: a-Si (capping layer) Deposition | E135: a-Si, PECVD | F135: 30 nm | G135: a-Si | H135: PECVD | J135: 1630 | K135: SiO | L135: Wafer | M135: =J135*'Reference Values'!$C$2 -> 1.15218e+20 | N135: =M135*'Reference Values'!$C$20 -> 0.24541415 | O135: =N135*'Reference Values'!$D$20 -> 0.50223119
A136: (4) DWB BONDING | B136: 555 | C136: 5550 | D136: Oxide Deposition | E136: SiO, PECVD | F136: 500 nm | G136: SiO | H136: PECVD | J136: =40 -> 40 | K136: TiN | L136: Wafer | M136: =J136*'Reference Values'!$C$2 -> 2.82743e+18 | N136: =M136*'Reference Values'!$C$26 -> 0.014730928 | O136: =N136*'Reference Values'!$D$26 -> 0.64783428
A137: (4) DWB BONDING | B137: 557 | C137: 5570 | D137: Oxide Deposition | E137: SiO, PECVD | F137: 180 nm | G137: SiO | H137: PECVD | J137: =300 -> 300 | K137: W | L137: Wafer | M137: =J137*'Reference Values'!$C$2 -> 2.12058e+19 | N137: =M137*'Reference Values'!$C$27 -> 0.40927098 | O137: =N137*'Reference Values'!$D$27 -> 31.028851
A138: (4) DWB BONDING | B138: 558 | C138: 5580 | D138: Via 10 - Photo | E138: PR/ARC, KRF | F138: TPR = 1 µm | G138: PR/ARC | H138: KRF | J138: =60 -> 60 | K138: TiAl | L138: Wafer | M138: =J138*'Reference Values'!$C$2 -> 4.24115e+18 | N138: =M138*'Reference Values'!$C$25 -> 0.01526814 | O138: =N138*'Reference Values'!$D$25 -> 0.44552613
A139: (4) DWB BONDING | B139: 562 | C139: 5620 | D139: Oxide Deposition | E139: SiO, PECVD | F139: 50 nm | G139: SiO | H139: PECVD | J139: =670 -> 670 | K139: Al(Cu) | L139: Wafer | M139: =J139*'Reference Values'!$C$2 -> 4.73595e+19 | N139: =M139*'Reference Values'!$C$10 -> 0.27610594 | O139: =N139*'Reference Values'!$D$10 -> 2.3216359
A140: (4) DWB BONDING | B140: 564 | C140: 5640 | D140: TiN Deposition | E140: TiN, CVD | F140: 20 nm | G140: TiN | H140: CVD | J140: =20 -> 20 | K140: TiN | L140: Wafer | M140: =J140*'Reference Values'!$C$2 -> 1.41372e+18 | N140: =M140*'Reference Values'!$C$26 -> 0.007365464 | O140: =N140*'Reference Values'!$D$26 -> 0.32391714
A141: (4) DWB BONDING | B141: 565 | C141: 5650 | D141: W Deposition | E141: W, CVD | F141: 300 nm | G141: W | H141: CVD | J141: =25 -> 25 | K141: SiON | L141: Wafer | M141: =J141*'Reference Values'!$C$2 -> 1.76715e+18 | N141: =M141*'Reference Values'!$C$21 -> 0.0049656799 | O141: =N141*'Reference Values'!$D$21 -> 0.1880531
A142: (4) DWB BONDING | B142: 568 | C142: 5680 | D142: TiAl Deposition | E142: TiAl, PVD | F142: 60 nm | G142: TiAl | H142: PVD
A143: (4) DWB BONDING | B143: 569 | C143: 5690 | D143: AlCu Deposition | E143: Al(Cu), PVD | F143: 670 nm | G143: Al(Cu) | H143: PVD
A144: (4) DWB BONDING | B144: 570 | C144: 5700 | D144: TiN Deposition | E144: TiN, PVD | F144: 20 nm | G144: TiN | H144: PVD
A145: (4) DWB BONDING | B145: 571 | C145: 5710 | D145: SiON Deposition | E145: SiON, PECVD | F145: 25 nm | G145: SiON | H145: PECVD
A146: (4) DWB BONDING | B146: 572 | C146: 5720 | D146: Metal 11 - Photo | E146: PR/ARC, KRF | F146: TPR = 1 µm | G146: PR/ARC | H146: KRF
A147: (4) DWB BONDING | B147: 580 | C147: 5800 | D147: Passivation Oxide Deposition | E147: SiO, PECVD | F147: 900 nm | G147: SiO | H147: PECVD
A148: (4) DWB BONDING | B148: 581 | C148: 5810 | D148: Passivation Nitride Deposition | E148: SiN, PECVD | F148: 1.2 µm | G148: SiN | H148: PECVD
A149: (4) DWB BONDING | B149: 237 | C149: 2370 | D149: SiCN Plasma Treatment | E149: SiCN, PLASMA | G149: SiCN | H149: PLASMA
A150: (5) COMMON SOURCE | B150: 215 | C150: 2140 | D150: TiN Deposition | E150: TiN, CVD | F150: 15 nm | G150: TiN | H150: CVD | J150: =15 -> 15 | K150: TiN | L150: Wafer | M150: =J150*'Reference Values'!$C$2 -> 1.06029e+18 | N150: =M150*'Reference Values'!$C$26 -> 0.005524098 | O150: =N150*'Reference Values'!$D$26 -> 0.24293785
A151: (5) COMMON SOURCE | B151: 216 | C151: 2150 | D151: W Deposition | E151: W, CVD | F151: 300 nm | G151: W | H151: CVD | J151: 300 | K151: W | L151: Wafer | M151: =J151*'Reference Values'!$C$2 -> 2.12058e+19 | N151: =M151*'Reference Values'!$C$27 -> 0.40927098 | O151: =N151*'Reference Values'!$D$27 -> 31.028851
A152: (5) COMMON SOURCE | B152: 190 | C152: 1910 | D152: Poly-Si (source plate 1) Deposition | E152: Poly-Si, LPCVD | F152: 150 nm | G152: Poly-Si (P-doped) | H152: LPCVD | J152: =150+36+40+105 -> 331 | K152: Poly-Si (P-doped) | L152: Wafer | M152: =J152*'Reference Values'!$C$2 -> 2.3397e+19 | N152: =M152*'Reference Values'!$C$16 -> 0.054515036 | O152: =N152*'Reference Values'!$D$16 -> 0.22519897
A153: (5) COMMON SOURCE | B153: 191 | C153: 1920 | D153: Oxide Deposition | E153: SiO, PECVD | F153: 12 nm | G153: SiO | H153: PECVD | J153: 731 | K153: SiO | L153: Wafer | M153: =J153*'Reference Values'!$C$2 -> 5.16713e+19 | N153: =M153*'Reference Values'!$C$20 -> 0.11005997 | O153: =N153*'Reference Values'!$D$20 -> 0.22523374
A154: (5) COMMON SOURCE | B154: 192 | C154: 1930 | D154: Decoupled Plasma Nitridation | E154: SiON, PLASMA | F154: Top 9 nm | G154: SiON | H154: PLASMA | J154: 0 | K154: SiON | M154: =J154*'Reference Values'!$C$2 -> 0 | O154: =N154*'Reference Values'!$D$21 -> 0
A155: (5) COMMON SOURCE | B155: 194 | C155: 1950 | D155: Poly-Si (source plate 2) Deposition | E155: Poly-Si, LPCVD | F155: 36 nm | G155: Poly-Si (P-doped) | H155: LPCVD | J155: =11500 -> 11500 | K155: PR/ARC | L155: Wafer | M155: =J155*'Reference Values'!$C$2 -> 8.12887e+20 | N155: =M155*'Reference Values'!$C$17 -> 0.78524894 | O155: =N155*'Reference Values'!$D$17 -> 3.2980455
A156: (5) COMMON SOURCE | B156: 195 | C156: 1960 | D156: Oxide Deposition | E156: SiO, PECVD | F156: 7 nm | G156: SiO | H156: PECVD | J156: =20 -> 20 | K156: AlO | L156: Wafer | M156: =J156*'Reference Values'!$C$2 -> 1.41372e+18 | N156: =M156*'Reference Values'!$C$11 -> 0.0056407296 | O156: =N156*'Reference Values'!$D$11 -> 0.0083636364
A157: (5) COMMON SOURCE | B157: 196 | C157: 1970 | D157: Decoupled Plasma Nitridation | E157: SiON, PLASMA | F157: Top 3 nm | G157: SiON | H157: PLASMA
A158: (5) COMMON SOURCE | B158: 198 | C158: 1990 | D158: Poly-Si (source plate 3) Deposition | E158: Poly-Si, LPCVD | F158: 105 nm | G158: Poly-Si (P-doped) | H158: LPCVD
A159: (5) COMMON SOURCE | B159: 199 | C159: 2000 | D159: Common Source Plate - Photo | E159: PR/ARC, KRF | F159: TPR=0.5 um | G159: PR/ARC | H159: KRF
A160: (5) COMMON SOURCE | B160: 205 | C160: 2040 | D160: Oxide (ILD 3-3) Deposition | E160: SiO, PECVD | F160: 500 nm | G160: SiO | H160: PECVD
A161: (5) COMMON SOURCE | B161: 209 | C161: 2080 | D161: Oxide (ILD 3-4a) Deposition | E161: SiO, PECVD | F161: 25 nm | G161: SiO | H161: PECVD
A162: (5) COMMON SOURCE | B162: 210 | C162: 2090 | D162: Via 3A - Photo | E162: PR/ARC, ARF | F162: TPR=1 um | G162: PR/ARC | H162: ARF
A163: (5) COMMON SOURCE | B163: 219 | C163: 2180 | D163: Oxide (ILD 3-4b) Deposition | E163: SiO, PECVD | F163: 7 nm | G163: SiO | H163: PECVD
A164: (5) COMMON SOURCE | B164: 861 | C164: 3520 | D164: AlO Deposition | E164: AlO, PECVD | F164: 20 nm | G164: AlO | H164: PECVD
A165: (5) COMMON SOURCE | B165: 862 | C165: 3530 | D165: Common Source Replacement - Photo | E165: PR/ARC, KRF | F165: TPR = 10 um | G165: PR/ARC | H165: KRF
A166: (5) COMMON SOURCE | B166: 878 | C166: 3590 | D166: Oxide Deposition | E166: SiO, PEALD | F166: 30 nm | G166: SiO | H166: PEALD
A167: (5) COMMON SOURCE | B167: 882 | C167: 3630 | D167: Poly-Si (replaced source plate 2) Deposition | E167: Poly-Si, LPCVD | F167: 40 nm | G167: Poly-Si (P-doped) | H167: LPCVD
A168: (5) COMMON SOURCE | B168: 884 | C168: 3650 | D168: Oxide Deposition | E168: SiO, PECVD | F168: 150 nm | G168: SiO | H168: PECVD | Q168: gCO2e/layer:
A169: (6) STACK DEPOSITION + ETCH | B169: 325 | C169: 2190 | D169: MOLD 1 Deposition | E169: SiN, SiO, PECVD | F169: SiN 28 nm, SiO 25 nm | G169: SiO, SiN | H169: PECVD | J169: 17 | K169: SiO (scale) | M169: =J169*'Reference Values'!$C$2 -> 1.20166e+18 | N169: =M169*'Reference Values'!$C$20 -> 0.0025595341 | O169: =N169*'Reference Values'!$D$20 -> 0.0052379941 | P169: SiO scale: | Q169: =O169/196 -> 2.6724459e-05 | S169: =$Q$169*R2 -> 0.00096208054 | T169: =$Q$169*S2 -> 0.0016034676 | U169: =$Q$169*T2 -> 0.0021379568 | V169: =$Q$169*U2 -> 0.0028862416 | W169: =$Q$169*V2 -> 0.00395522 | X169: =$Q$169*W2 -> 0.0052379941 | Y169: =$Q$169*X2 -> 0.0068414616 | Z169: =$Q$169*Y2 -> 0.0095139076 | ... AE169: =$Q$169*AD2 -> 0.027900336
A170: (6) STACK DEPOSITION + ETCH | B170: 326 | C170: 2200 | D170: CHM Deposition | E170: CHM, PECVD | F170: 2 um | G170: CHM | H170: PECVD | J170: 28 | K170: SiN (scale) | M170: =J170*'Reference Values'!$C$2 -> 1.9792e+18 | N170: =M170*'Reference Values'!$C$19 -> 0.0062740747 | O170: =N170*'Reference Values'!$D$19 -> 0.40512989 | P170: SiN scale: | Q170: =O170/196 -> 0.0020669892 | S170: =$Q$170*R2 -> 0.074411613 | T170: =$Q$170*S2 -> 0.12401935 | U170: =$Q$170*T2 -> 0.16535914 | V170: =$Q$170*U2 -> 0.22323484 | W170: =$Q$170*V2 -> 0.30591441 | X170: =$Q$170*W2 -> 0.40512989 | Y170: =$Q$170*X2 -> 0.52914925 | Z170: =$Q$170*Y2 -> 0.73584817 | ... AE170: =$Q$170*AD2 -> 2.1579368
A171: (6) STACK DEPOSITION + ETCH | B171: 327 | C171: 2210 | D171: Si-ARC Deposition | E171: SiON, PECVD | F171: 30 nm | G171: SiON | H171: PECVD | J171: 31 | K171: SiN | L171: Wafer | M171: =J171*'Reference Values'!$C$2 -> 2.19126e+18 | N171: =M171*'Reference Values'!$C$19 -> 0.006946297 | O171: =N171*'Reference Values'!$D$19 -> 0.44853667
A172: (6) STACK DEPOSITION + ETCH | B172: 329 | C172: 2230 | D172: Lower Mold - Photo | E172: PR/ARC, ARF-I | F172: TPR=0.1 um | G172: PR/ARC/Si-ARC | H172: ARF-I | J172: 2000 | K172: CHM | L172: Wafer | M172: =J172*'Reference Values'!$C$2 -> 1.41372e+20 | N172: =M172*'Reference Values'!$C$12 -> 0.31101767 | O172: =N172*'Reference Values'!$D$12 -> 4.35
A173: (6) STACK DEPOSITION + ETCH | B173: 645 | C173: 2370 | D173: BLOCK SiN Deposition | E173: SiN, PECVD | F173: 25 nm | G173: SiN | H173: PECVD | J173: 100 | K173: PR/ARC | L173: Wafer | M173: =J173*'Reference Values'!$C$2 -> 7.06858e+18 | N173: =M173*'Reference Values'!$C$17 -> 0.0068282516 | O173: =N173*'Reference Values'!$D$17 -> 0.028678657 | Q173: MODULE TOTAL --> | S173: =SUM(O171:O173)+SUM(S169:S170) -> 4.902589 | T173: =SUM(Q171:Q173)+SUM(T169:T170) -> 0.12562282 | U173: =SUM(R171:R173)+SUM(U169:U170) -> 0.1674971 | V173: =SUM(S171:S173)+SUM(V169:V170) -> 5.1287101 | W173: =SUM(T171:T173)+SUM(W169:W170) -> 0.43549245 | X173: =SUM(U171:U173)+SUM(X169:X170) -> 0.57786498 | Y173: =SUM(V171:V173)+SUM(Y169:Y170) -> 5.6647008 | Z173: =SUM(W171:W173)+SUM(Z169:Z170) -> 1.1808545 | AA173: =SUM(X171:X173)+SUM(AA169:AA170) -> 1.6917207 | ... AE173: =SUM(AB171:AB173)+SUM(AE169:AE170) -> 9.2323889
A174: (7) STRING STACKING | B174: 551 | C174: 2320 | D174: TiN Deposition | E174: TiN, CVD | F174: 70 nm | G174: TiN | H174: CVD | J174: =70 -> 70 | K174: TiN | M174: =J174*'Reference Values'!$C$2 -> 4.94801e+18 | N174: =M174*'Reference Values'!$C$26 -> 0.025779124 | O174: =N174*'Reference Values'!$D$26 -> 1.13371 | Q174: MODULE TOTAL --> | S174: =$O$174*R1 -> 0 | T174: =$O$174*S1 -> 0 | U174: =$O$174*T1 -> 0 | V174: =$O$174*U1 -> 0 | W174: =$O$174*V1 -> 1.13371 | X174: =$O$174*W1 -> 1.13371 | Y174: =$O$174*X1 -> 1.13371 | Z174: =$O$174*Y1 -> 2.26742 | ... AE174: =$O$174*AD1 -> 9.0696798
A175: (8) CELL FORMATION + CHANNEL PLUG | B175: 831 | C175: 3270 | D175: Oxide Deposition | E175: SiO, LPCVD | F175: 8 nm | G175: SiO | H175: LPCVD | J175: 148 | K175: SiO | L175: Channel | M175: =J175*'Reference Values'!$C$2 -> 1.04615e+19 | N175: =M175*'Reference Values'!$C$20 -> 0.022283003 | O175: =N175*'Reference Values'!$D$20 -> 0.04560136 | Q175: =SUM(O175:O178)/196 -> 0.00085686877
A176: (8) CELL FORMATION + CHANNEL PLUG | B176: 832 | C176: 3280 | D176: Storage Nitride Deposition | E176: SiN, LPCVD | F176: 6 nm | G176: SiN | H176: LPCVD | J176: 6 | K176: SiN | L176: Channel | M176: =J176*'Reference Values'!$C$2 -> 4.24115e+17 | N176: =M176*'Reference Values'!$C$19 -> 0.0013444446 | O176: =N176*'Reference Values'!$D$19 -> 0.086813548
A177: (8) CELL FORMATION + CHANNEL PLUG | B177: 833 | C177: 3290 | D177: Tunnnel Dielectric Deposition | E177: SiON, LPCVD | F177: 4 nm | G177: SiON | H177: LPCVD | J177: =4 -> 4 | K177: SiON | L177: Channel | M177: =J177*'Reference Values'!$C$2 -> 2.82743e+17 | N177: =M177*'Reference Values'!$C$21 -> 0.00079450878 | O177: =N177*'Reference Values'!$D$21 -> 0.030088496 | P177: Channel scale: | Q177: all except plug --> | S177: =$Q$175*R2 -> 0.030847276 | T177: =$Q$175*S2 -> 0.051412126 | U177: =$Q$175*T2 -> 0.068549502 | V177: =$Q$175*U2 -> 0.092541827 | W177: =$Q$175*V2 -> 0.12681658 | X177: =$Q$175*W2 -> 0.16794628 | Y177: =$Q$175*X2 -> 0.21935841 | Z177: =$Q$175*Y2 -> 0.30504528 | ... AE177: =$Q$175*AD2 -> 0.894571
A178: (8) CELL FORMATION + CHANNEL PLUG | B178: 834 | C178: 3300 | D178: Channel Deposition | E178: Poly-Si, LPCVD | F178: 8 nm | G178: Poly-Si | H178: LPCVD | J178: 8 | K178: Poly-Si | L178: Channel | M178: =J178*'Reference Values'!$C$2 -> 5.65487e+17 | N178: =M178*'Reference Values'!$C$16 -> 0.001317584 | O178: =N178*'Reference Values'!$D$16 -> 0.0054428755
A179: (8) CELL FORMATION + CHANNEL PLUG | B179: 835 | C179: 3310 | D179: Oxide Filler Deposition | E179: SiO, PECVD | F179: 70 nm | G179: SiO | H179: PECVD | J179: 300 | K179: Poly-Si | L179: Channel | M179: =J179*'Reference Values'!$C$2 -> 2.12058e+19 | N179: =M179*'Reference Values'!$C$16 -> 0.049409398 | O179: =N179*'Reference Values'!$D$16 -> 0.20410783
A180: (8) CELL FORMATION + CHANNEL PLUG | B180: 840 | C180: 3360 | D180: Plug Deposition | E180: Poly-Si, LPCVD | F180: 300 nm | G180: Poly-Si (P-doped) | H180: LPCVD | O180: =SUM(O175:O179) -> 0.37205411 | Q180: MODULE TOTAL --> | S180: =$O$179+S177 -> 0.23495511 | T180: =$O$179+T177 -> 0.25551996 | U180: =$O$179+U177 -> 0.27265733 | V180: =$O$179+V177 -> 0.29664966 | W180: =$O$179+W177 -> 0.33092441 | X180: =$O$179+X177 -> 0.37205411 | Y180: =$O$179+Y177 -> 0.42346624 | Z180: =$O$179+Z177 -> 0.50915311 | ... AE180: =$O$179+AE177 -> 1.0986788
...

Sheet Mo
A1: MOLYBDENUM
B2: Thickness/CD (nm) | C2: Material | D2: Geometry | E2: Volume (nm^3) | F2: Mass (g) | G2: gCO2e | P2: gCO23/layer
A3: (10) SLIT FORMATION AND WL METAL REPLACEMENT | B3: 10000 | C3: PR/ARC | D3: Wafer | E3: =B3*'Reference Values'!$C$2 -> 7.06858e+20 | F3: =E3*'Reference Values'!$C$17 -> 0.68282516 | G3: =F3*'Reference Values'!$D$17 -> 2.8678657
A4: (10) SLIT FORMATION AND WL METAL REPLACEMENT | B4: 2 | C4: AlO | D4: Wafer | E4: =B4*'Reference Values'!$C$2 -> 1.41372e+17 | F4: =E4*'Reference Values'!$C$11 -> 0.00056407296 | G4: =F4*'Reference Values'!$D$11 -> 0.00083636364 | P4: =SUM(G4:G6)/196 -> 0.0014179152 | R4: =$P$4*'Materials (baseline)'!R2 -> 0.051044946 | S4: =$P$4*'Materials (baseline)'!S2 -> 0.08507491 | T4: =$P$4*'Materials (baseline)'!T2 -> 0.11343321 | U4: =$P$4*'Materials (baseline)'!U2 -> 0.15313484 | V4: =$P$4*'Materials (baseline)'!V2 -> 0.20985144 | W4: =$P$4*'Materials (baseline)'!W2 -> 0.27791137 | X4: =$P$4*'Materials (baseline)'!X2 -> 0.36298628 | Y4: =$P$4*'Materials (baseline)'!Y2 -> 0.5047778 | ... AD4: =$P$4*'Materials (baseline)'!AD2 -> 1.4803034
A5: (10) SLIT FORMATION AND WL METAL REPLACEMENT | B5: 2.5 | C5: TiN | D5: Wafer | E5: =B5*'Reference Values'!$C$2 -> 1.76715e+17 | F5: =E5*'Reference Values'!$C$26 -> 0.000920683 | G5: =F5*'Reference Values'!$D$26 -> 0.040489642
A6: (10) SLIT FORMATION AND WL METAL REPLACEMENT | B6: 20 | C6: Mo | D6: Wafer | E6: =B6*'Reference Values'!$C$2 -> 1.41372e+18 | F6: =E6*'Reference Values'!$C$14 -> 0.01441991 | G6: =F6*'Reference Values'!$D$14 -> 0.23658537
A7: (10) SLIT FORMATION AND WL METAL REPLACEMENT | B7: 45 | C7: SiO | D7: Wafer | E7: =B7*'Reference Values'!$C$2 -> 3.18086e+18 | F7: =E7*'Reference Values'!$C$20 -> 0.0067752373 | G7: =F7*'Reference Values'!$D$20 -> 0.013865278
A8: (10) SLIT FORMATION AND WL METAL REPLACEMENT | B8: 140 | C8: Poly-Si | D8: Wafer | E8: =B8*'Reference Values'!$C$2 -> 9.89602e+18 | F8: =E8*'Reference Values'!$C$16 -> 0.023057719 | G8: =F8*'Reference Values'!$D$16 -> 0.095250321 | O8: =SUM(G7:G8,G3) -> 2.9769813 | R8: =$O$8+R4 -> 3.0280262 | S8: =$O$8+S4 -> 3.0620562 | T8: =$O$8+T4 -> 3.0904145 | U8: =$O$8+U4 -> 3.1301161 | V8: =$O$8+V4 -> 3.1868327 | W8: =$O$8+W4 -> 3.2548927 | X8: =$O$8+X4 -> 3.3399676 | Y8: =$O$8+Y4 -> 3.4817591 | ... AD8: =$O$8+AD4 -> 4.4572847

Sheet Cryo
Q1: Cryo string stacking modules: | R1: 0 | S1: 0 | T1: 0 | U1: 0 | V1: 0 | W1: 0 | X1: 1 | Y1: 1 | Z1: 2 | AA1: 2 | AB1: 3 | AC1: 3 | AD1: 4
A2: Module | B2: Seq# | C2: PFF# | D2: Process Description | E2: Recipe Description | F2: THK/Depth/CD | G2: Material | H2: Method | J2: Thickness/CD (nm) | K2: Material | L2: Geometry | M2: Volume (nm^3) | N2: Mass (g) | O2: gCO2e
A3: CRYO
A4: (7) STRING STACKING | B4: 551 | C4: 2320 | D4: TiN Deposition | E4: TiN, CVD | F4: 70 nm | G4: TiN | H4: CVD | J4: =70 -> 70 | K4: TiN | M4: =J4*'Reference Values'!$C$2 -> 4.94801e+18 | N4: =M4*'Reference Values'!$C$26 -> 0.025779124 | O4: =N4*'Reference Values'!$D$26 -> 1.13371 | Q4: MODULE TOTAL --> | R4: =$O$4*R1 -> 0 | S4: =$O$4*S1 -> 0 | T4: =$O$4*T1 -> 0 | U4: =$O$4*U1 -> 0 | V4: =$O$4*V1 -> 0 | W4: =$O$4*W1 -> 0 | X4: =$O$4*X1 -> 1.13371 | Y4: =$O$4*Y1 -> 1.13371 | ... AD4: =$O$4*AD1 -> 4.5348399

Sheet Reference Values
A1: Area of 300 mm wafer (cm^2): | C1: =(15)^2*PI() -> 706.85835
A2: Area of 300 mm wafer (nm^2): | C2: =(1.5*10^8)^2*PI() -> 7.06858e+16
A6: Material | B6: Densities (g/cm3) | C6: Densities (g/nm3) | D6: To calculate embodied carbon (gCO2e/g):
A7: a-Si (amorphous silicon) | B7: 2.29 | C7: =B7*(10^-21) -> 0 | D7: 308.88878
A8: ACL (amorphous carbon layer) | B8: 2 | C8: =B8*(10^-21) -> 0 | D8: 254.64791
A9: Al (aluminum) | B9: 2.7 | C9: =B9*(10^-21) -> 0 | D9: 10.726881
A10: Al(Cu) (aluminum-copper alloy, assumed 50/50) | B10: =AVERAGE(B9,B13) -> 5.83 | C10: =B10*(10^-21) -> 0 | D10: =AVERAGE(D9,D13) -> 8.4084969
A11: AlO (aluminum oxide) | B11: 3.99 | C11: =B11*(10^-21) -> 0 | D11: 1.4827224
A12: CHM (carbon-based hard mask) | B12: 2.2 | C12: =B12*(10^-21) -> 0 | D12: 13.986343
A13: Cu (copper) | B13: 8.96 | C13: =B13*(10^-21) -> 0 | D13: 6.0901126
A14: Mo (molybdenum) | B14: 10.2 | C14: =B14*(10^-21) -> 0 | D14: 16.406854
A15: NiPt (nickel platinum) | B15: 18.6 | C15: =B15*(10^-21) -> 0 | D15: 19053.341
A16: Poly-Si (polycrystalline silicon) | B16: 2.33 | C16: =B16*(10^-21) -> 0 | D16: 4.1309515
A17: PR/ARC (as PGMEA) (photoresist/anti-reflective coating( | B17: 0.966 | C17: =B17*(10^-21) -> 0 | D17: 4.2
A18: SiCN (silicon carbon nitride) | B18: 3.33 | C18: =B18*(10^-21) -> 0 | D18: 67.974083
A19: SiN (silicon nitride) | B19: 3.17 | C19: =B19*(10^-21) -> 0 | D19: 64.572054
A20: SiO (silicon oxide) | B20: 2.13 | C20: =B20*(10^-21) -> 0 | D20: 2.0464639
A21: SiON (silicon oxynitride) | B21: 2.81 | C21: =B21*(10^-21) -> 0 | D21: 37.870564
A22: TaN (tantalum nitride) | B22: 13.7 | C22: =B22*(10^-21) -> 0 | D22: 25.815887
... A24: Ti (titanium) | B24: 4.5 | C24: =B24*(10^-21) -> 0 | D24: 47.633354
A25: Ti(Al) (titanium-aluminum alloy, assumed 50/50) | B25: =AVERAGE(B24,B9) -> 3.6 | C25: =B25*(10^-21) -> 0 | D25: =AVERAGE(D24,D9) -> 29.180117
A26: TiN (titanium nitride) | B26: 5.21 | C26: =B26*(10^-21) -> 0 | D26: 43.977832
A27: W (tungsten) | B27: 19.3 | C27: =B27*(10^-21) -> 0 | D27: 75.814931
A28: Wafer (silicon, 300 mm diameter) | B28: N/A (1 wafer) | C28: N/A | D28: =26*1000 -> 26000 | E28: (per wafer)
A29: WN (tungsten nitride) | B29: 17.8 | C29: =B29*(10^-21) -> 0 | D29: 76.828853
A30: WSiN (tungsten silicon nitride) | B30: 16.1 | C30: =B30*(10^-21) -> 0 | D30: 73.225187

Sheet Mo W comparison
A1: Material from module 10, 176L | B1: Tungsten WL (gCO2e) | C1: Mo WL (gCO2e)
A2: PR/ARC | B2: 2.8678657 | C2: 2.8678657
A3: AlO | B3: 0.00083636364 | C3: 0.00083636364
A4: TiN | B4: 0.040489642 | C4: 0.040489642
A5: W | B5: 2.0685901 | C5: 0.23658537
A6: SiO | B6: 0.013865278 | C6: 0.013865278
A7: Poly-Si | B7: 0.095250321 | C7: 0.095250321
